{"coord[38.91524, 21.78748]_idx10": {"road": 1.0, "crack": 0.05086917100980386, "pothole": 0.0021968990326599568, "sidewalk": 0.0, "cluster": 0.00433509233107425, "object": 0.0}}