{"coord[38.91544, 21.7869]_idx20": {"road": 1.0, "crack": 0.006834958165574972, "pothole": 0.0, "sidewalk": 0.0, "cluster": 0.0, "object": 0.0}}