{"coord[38.91534, 21.78694]_idx19": {"road": 1.0, "crack": 0.01792437341755894, "pothole": 0.0009738957953835999, "sidewalk": 0.0, "cluster": 0.0, "object": 0.0}}