{"coord[38.91546, 21.78869]_idx3": {"road": 1.0, "crack": 0.01706852842836224, "pothole": 0.004462552837214532, "sidewalk": 0.0, "cluster": 0.043999111237227384, "object": 0.0}}