{"coord[38.91531, 21.78763]_idx9": {"road": 1.0, "crack": 0.019075864417106455, "pothole": 0.0025472032604201733, "sidewalk": 0.0, "cluster": 0.0, "object": 0.0}}