{"coord[38.91516, 21.78713]_idx15": {"road": 1.0, "crack": 0.013967487209732305, "pothole": 0.0, "sidewalk": 0.0, "cluster": 0.0, "object": 0.0}}