{"coord[38.91522, 21.78702]_idx17": {"road": 1.0, "crack": 0.058349197834824534, "pothole": 0.0, "sidewalk": 0.0, "cluster": 0.0, "object": 0.0}}