{"coord[38.91516, 21.78728]_idx12": {"road": 1.0, "crack": 0.04616864557372596, "pothole": 0.0, "sidewalk": 0.0, "cluster": 0.03643951973963257, "object": 0.0}}