{"coord[38.91547, 21.78893]_idx2": {"road": 1.0, "crack": 0.02868660559125341, "pothole": 0.006435169827599152, "sidewalk": 0.0, "cluster": 0.06062765430278607, "object": 0.0}}