{"coord[38.91547, 21.78901]_idx1": {"road": 1.0, "crack": 0.009840645127713175, "pothole": 0.009128900354325115, "sidewalk": 0.0, "cluster": 0.10172605140597725, "object": 0.0}}