{"coord[38.91516, 21.78725]_idx13": {"road": 1.0, "crack": 0.04244319150660961, "pothole": 0.0004234954729312316, "sidewalk": 0.0, "cluster": 0.04036904206162628, "object": 0.0}}