{"coord[38.91541, 21.78801]_idx6": {"road": 1.0, "crack": 0.0586530462146879, "pothole": 0.000126599066784022, "sidewalk": 0.0, "cluster": 0.0, "object": 0.0}}