{"coord[38.91545, 21.78823]_idx5": {"road": 1.0, "crack": 0.0377532712903242, "pothole": 0.0, "sidewalk": 0.0, "cluster": 0.06319316023434016, "object": 0.0}}