{"coord[38.91558, 21.78684]_idx22": {"road": 1.0, "crack": 0.012079098868352997, "pothole": 0.0, "sidewalk": 0.0, "cluster": 0.0, "object": 0.0}}