{"coord[38.91516, 21.78719]_idx14": {"road": 1.0, "crack": 0.04140443034838198, "pothole": 0.0, "sidewalk": 0.0, "cluster": 0.0, "object": 0.0}}