{"coord[38.9152, 21.78741]_idx11": {"road": 1.0, "crack": 0.03882117337289731, "pothole": 0.0, "sidewalk": 0.0, "cluster": 0.025622267637391474, "object": 0.0}}