{"coord[38.91538, 21.78778]_idx7": {"road": 1.0, "crack": 0.03828242380567132, "pothole": 0.010611118287318734, "sidewalk": 0.0, "cluster": 0.0, "object": 0.0}}