{"coord[38.91552, 21.78687]_idx21": {"road": 1.0, "crack": 0.014302648710623991, "pothole": 0.0, "sidewalk": 0.0, "cluster": 0.0, "object": 0.0}}