{"coord[38.91549, 21.78914]_idx0": {"road": 1.0, "crack": 0.015449688965722463, "pothole": 0.0015502118433917615, "sidewalk": 0.0, "cluster": 0.07777557353587168, "object": 0.0}}