{"coord[38.91533, 21.78768]_idx8": {"road": 1.0, "crack": 0.040094236562737605, "pothole": 0.006053962542589358, "sidewalk": 0.0, "cluster": 0.0, "object": 0.0}}