{"coord[38.91563, 21.78683]_idx23": {"road": 1.0, "crack": 0.016643988375793468, "pothole": 0.0, "sidewalk": 0.0, "cluster": 0.0, "object": 0.0}}