{"coord[38.91519, 21.78706]_idx16": {"road": 1.0, "crack": 0.06074490614912625, "pothole": 0.0, "sidewalk": 0.0, "cluster": 0.0, "object": 0.0}}