{"coord[38.91528, 21.78697]_idx18": {"road": 1.0, "crack": 0.0072048015973249615, "pothole": 0.0, "sidewalk": 0.0, "cluster": 0.0, "object": 0.0}}