{"coord[38.91545, 21.78846]_idx4": {"road": 1.0, "crack": 0.0450755578591791, "pothole": 0.003860555312284966, "sidewalk": 0.0, "cluster": 0.009334143573337146, "object": 0.0}}